<?xml version="1.0" encoding="utf-8" ?>
<Defs>

  <ThingDef ParentName="SW_AssemblyKit_Base">
    <defName>Create_TC_Item</defName>
    <label>TC Protocol Assembly Kit</label>
    <description>A assembly kit containing the tools and materials, to fully create a Protocol Droid</description>
    <graphicData>
      <texPath>Things/Items/CybotGalactica</texPath>
    </graphicData>
    <statBases>
      <MarketValue>3000</MarketValue>
    </statBases>
  </ThingDef>

  <ThingDef ParentName="SW_CreateBuilding_Base">
    <defName>Create_TC_Building</defName>
    <label>TC Protocol Droid</label>
    <description>Creates a TC Protocol Droid.</description>
    <comps>
      <li Class="O21Toolbox.CompProperties_PawnSpawner">
        <pawnKind>Pawn_TC_Protocol</pawnKind>
        <newborn>true</newborn>
      </li>
    </comps>
  </ThingDef>

  <RecipeDef>
    <defName>Create_TC_Droid</defName>
    <label>create TC Protocol Droid</label>
    <description>Create a TC Protocol Droid.</description>
    <jobString>Creating Droid.</jobString>
    <workSpeedStat>GeneralLaborSpeed</workSpeedStat>
    <effectWorking>Cook</effectWorking>
    <soundWorking>Recipe_Machining</soundWorking>
    <workAmount>5000</workAmount>
    <unfinishedThingDef>UnfinishedComponent</unfinishedThingDef>
    <ingredients>
      <li>
        <filter>
          <thingDefs>
            <li>Steel</li>
          </thingDefs>
        </filter>
        <count>90</count>
      </li>
      <li>
        <filter>
          <thingDefs>
            <li>Plasteel</li>
          </thingDefs>
        </filter>
        <count>60</count>
      </li>
      <li>
        <filter>
          <thingDefs>
            <li>ComponentIndustrial</li>
          </thingDefs>
        </filter>
        <count>7</count>
      </li>
      <li>
        <filter>
          <thingDefs>
            <li>ComponentSpacer</li>
          </thingDefs>
        </filter>
        <count>4</count>
      </li>
    </ingredients>
    <products>
      <Create_TC_Building>1</Create_TC_Building>
    </products>
    <recipeUsers>
      <li>TableMachining</li>
    </recipeUsers>
    <skillRequirements>
      <Crafting>8</Crafting>
    </skillRequirements>
    <workSkill>Crafting</workSkill>
    <researchPrerequisite>TC_Series</researchPrerequisite>
  </RecipeDef>

  <RecipeDef>
    <defName>Assemble_TC_DroidB</defName>
    <label>assemble TC Protocol Droid</label>
    <description>Assemble a TC Protocol Droid.</description>
    <jobString>Assembling Droid.</jobString>
    <workSpeedStat>GeneralLaborSpeed</workSpeedStat>
    <effectWorking>Cook</effectWorking>
    <soundWorking>Recipe_Machining</soundWorking>
    <workAmount>1</workAmount>
    <ingredients>
      <li>
        <filter>
          <thingDefs>
            <li>Create_TC_Item</li>
          </thingDefs>
        </filter>
        <count>1</count>
      </li>
    </ingredients>
    <products>
      <Create_TC_Building>1</Create_TC_Building>
    </products>
    <recipeUsers>
      <li>TableMachining</li>
    </recipeUsers>
    <workSkill>Crafting</workSkill>
  </RecipeDef>

</Defs>