<?xml version="1.0" encoding="utf-8" ?>
<Defs>

  <ThingDef ParentName="SW_AssemblyKit_Base">
    <defName>Create_3PO_Item</defName>
    <label>3PO Protocol Assembly Kit</label>
    <description>A assembly kit containing the tools and materials, to fully create a Protocol Droid</description>
    <graphicData>
      <texPath>Things/Items/CybotGalactica</texPath>
    </graphicData>
    <statBases>
      <MarketValue>3000</MarketValue>
    </statBases>
  </ThingDef>

  <ThingDef ParentName="SW_CreateBuilding_Base">
    <defName>Create_3PO_Building</defName>
    <label>3PO Protocol Droid</label>
    <description>Creates a 3PO Protocol Droid.</description>
    <comps>
      <li Class="O21Toolbox.CompProperties_PawnSpawner">
        <pawnKind>Pawn_3PO_Protocol</pawnKind>
        <newborn>true</newborn>
      </li>
    </comps>
  </ThingDef>

  <RecipeDef>
    <defName>Create_3PO_Droid</defName>
    <label>create 3PO Protocol Droid</label>
    <description>Create a 3PO Protocol Droid.</description>
    <jobString>Creating Droid.</jobString>
    <workSpeedStat>GeneralLaborSpeed</workSpeedStat>
    <effectWorking>Cook</effectWorking>
    <soundWorking>Recipe_Machining</soundWorking>
    <workAmount>5000</workAmount>
    <unfinishedThingDef>UnfinishedComponent</unfinishedThingDef>
    <ingredients>
      <li>
        <filter>
          <thingDefs>
            <li>Steel</li>
          </thingDefs>
        </filter>
        <count>90</count>
      </li>
      <li>
        <filter>
          <thingDefs>
            <li>Plasteel</li>
          </thingDefs>
        </filter>
        <count>60</count>
      </li>
      <li>
        <filter>
          <thingDefs>
            <li>ComponentIndustrial</li>
          </thingDefs>
        </filter>
        <count>6</count>
      </li>
      <li>
        <filter>
          <thingDefs>
            <li>ComponentSpacer</li>
          </thingDefs>
        </filter>
        <count>3</count>
      </li>
    </ingredients>
    <products>
      <Create_3PO_Building>1</Create_3PO_Building>
    </products>
    <recipeUsers>
      <li>TableMachining</li>
    </recipeUsers>
    <skillRequirements>
      <Crafting>8</Crafting>
    </skillRequirements>
    <workSkill>Crafting</workSkill>
    <researchPrerequisite>3PO_Series</researchPrerequisite>
  </RecipeDef>

  <RecipeDef>
    <defName>Assemble_3PO_DroidB</defName>
    <label>assemble 3PO Protocol Droid</label>
    <description>Assemble a 3PO Protocol Droid.</description>
    <jobString>Assembling Droid.</jobString>
    <workSpeedStat>GeneralLaborSpeed</workSpeedStat>
    <effectWorking>Cook</effectWorking>
    <soundWorking>Recipe_Machining</soundWorking>
    <workAmount>1</workAmount>
    <ingredients>
      <li>
        <filter>
          <thingDefs>
            <li>Create_3PO_Item</li>
          </thingDefs>
        </filter>
        <count>1</count>
      </li>
    </ingredients>
    <products>
      <Create_3PO_Building>1</Create_3PO_Building>
    </products>
    <recipeUsers>
      <li>TableMachining</li>
    </recipeUsers>
    <workSkill>Crafting</workSkill>
  </RecipeDef>

</Defs>